,ARI,NMI,Homogeneity,Completeness,V-Measure,Silhouette
leiden,0.04787253358913818,0.2064852567246067,0.31888739880944056,0.15267132672143943,0.20648525672460674,-0.03669436275959015
louvain,0.05506229720018284,0.20659551172944335,0.31007364707607166,0.15490157826479622,0.20659551172944335,-0.03214213624596596
gmm_cluster,0.04850195738559496,0.2117193353391913,0.36802297723661115,0.1486050436629996,0.21171933533919124,0.1367289274930954
kmeans,0.051993925389013665,0.21057299038905786,0.36070679517882787,0.14868651496989133,0.2105729903890579,0.1510467231273651
