Embedding,Isolated labels,Leiden NMI,Leiden ARI,Silhouette label,cLISI,Silhouette batch,iLISI,KBET,Graph connectivity,PCR comparison,Batch correction,Bio conservation,Total
cancerfnd_pca,0.54100126,0.19387395658022671,0.06007406788085327,0.49915263935690746,0.960192060470581,0.8291579,0.0017394451867966424,0.14868595520749164,0.7789480226874589,0.1306021371823655,0.3778266898306851,0.45085879691383557,0.42164595408057537
cancerfnd_pca_harmony,0.51217616,0.24619058110033887,0.2246955250992541,0.500336751807481,0.9287422895431519,0.86755604,0.16952080953688847,0.3412922654597342,0.6702921312567663,0.8579865356465175,0.5813295554837106,0.4824282607188465,0.5219887786247921
X_umap_cfnd_harmony,0.70274985,0.43969181002596996,0.08064737483482447,0.6929981410503387,0.9999999046325684,0.6692493,0.24862500599452428,0.35347170200396505,0.9523187014696397,0.7199923533643813,0.588731411804173,0.583217415781897,0.5854230141908074
Metric Type,Bio conservation,Bio conservation,Bio conservation,Bio conservation,Bio conservation,Batch correction,Batch correction,Batch correction,Batch correction,Batch correction,Aggregate score,Aggregate score,Aggregate score
