Embedding,Isolated labels,Leiden NMI,Leiden ARI,Silhouette label,cLISI,Silhouette batch,iLISI,KBET,Graph connectivity,PCR comparison,Batch correction,Bio conservation,Total
iPCA_scGPT,0.66594046,0.48393928139475123,0.28155222617157694,0.6357140839099884,0.9612993955612182,0.76597005,0.18201837085542225,0.014392039062755177,0.9285238234075592,0.5176022451542932,0.48170130595372684,0.6056890901160946,0.5560939764511474
X_umap_scGPT,0.6111477,0.4075808345157622,0.11308315092155098,0.5892613083124161,0.9520374059677124,0.7526391,0.2650695074172247,0.08750034269800992,0.855853077499042,0.4163639328290863,0.47548519506001663,0.5346220802915413,0.5109673261989315
X_pca_scGPT,0.4370966,0.19174194906071593,0.04013581940256431,0.43359705060720444,0.8308275699615478,0.765842,1.1353265671502976e-08,0.0,0.6677099679705542,0.0,0.28671039996708936,0.3866797969592385,0.3466920381623788
Metric Type,Bio conservation,Bio conservation,Bio conservation,Bio conservation,Bio conservation,Batch correction,Batch correction,Batch correction,Batch correction,Batch correction,Aggregate score,Aggregate score,Aggregate score
